﻿<?xml version="1.0" encoding="utf-8"?><Cvr xmlns:xsi="http://www.w3.org/2001/XMLSchema-instance" xmlns:xsd="http://www.w3.org/2001/XMLSchema" xmlns="http://tempuri.org/CVRDesign.xsd"><Contests><Contest><Name>MAYOR</Name><Id>3f0a12f6-41a6-48f7-af24-c3de6d1657ad</Id><Options><Option><Name>MICHAEL "MIKE" BUTLER</Name><Id>bd9d3055-8e47-463a-9fcf-53a2b57053c5</Id><Value>1</Value></Option><Option><Name>CARA SPENCER</Name><Id>57f52d50-ffd6-4d23-8d7e-854df71a8ccd</Id><Value>1</Value></Option><Option><Name>ANDREW JONES</Name><Id>cfb9c787-5cdd-4b73-8c4f-daa9cae35609</Id><Value>1</Value></Option></Options><Undervotes>1</Undervotes></Contest><Contest><Name>COMPTROLLER</Name><Id>8b8b3d14-0f63-486d-aa7c-94f034f8d628</Id><Options><Option><Name>DONNA M.C. BARINGER</Name><Id>e4a06af4-660b-4adc-ba2d-4153447e8c06</Id><Value>1</Value></Option><Option><Name>DARLENE GREEN</Name><Id>704d8013-0566-4fba-a0b4-b3cdd729ce83</Id><Value>1</Value></Option></Options><Undervotes>1</Undervotes></Contest></Contests><BatchSequence>0</BatchSequence><SheetNumber>1</SheetNumber><PrecinctSplit><Name>Ward 08 Precinct 02</Name><Id>3a88cb77-00ae-4270-b524-e21f1d046451</Id></PrecinctSplit><CvrGuid>00788a9e-1038-4c90-9693-f2c05b7b2909</CvrGuid><IsBlank>false</IsBlank></Cvr>