﻿<?xml version="1.0" encoding="utf-8"?><Cvr xmlns:xsi="http://www.w3.org/2001/XMLSchema-instance" xmlns:xsd="http://www.w3.org/2001/XMLSchema" xmlns="http://tempuri.org/CVRDesign.xsd"><Contests><Contest><Name>MAYOR</Name><Id>3f0a12f6-41a6-48f7-af24-c3de6d1657ad</Id><Options><Option><Name>TISHAURA O. JONES</Name><Id>26569fb5-80f2-434d-b83b-20db93b18995</Id><Value>1</Value></Option></Options><Undervotes>3</Undervotes></Contest><Contest><Name>COMPTROLLER</Name><Id>8b8b3d14-0f63-486d-aa7c-94f034f8d628</Id><Options><Option><Name>DARLENE GREEN</Name><Id>704d8013-0566-4fba-a0b4-b3cdd729ce83</Id><Value>1</Value></Option></Options><Undervotes>2</Undervotes></Contest></Contests><BatchSequence>0</BatchSequence><SheetNumber>1</SheetNumber><PrecinctSplit><Name>Ward 10 Precinct 03</Name><Id>a72d7ae1-34de-46c7-a42c-bfe68937cb59</Id></PrecinctSplit><CvrGuid>00622aa5-dfd0-44aa-aa66-321ada6b2693</CvrGuid><IsBlank>false</IsBlank></Cvr>