﻿<?xml version="1.0" encoding="utf-8"?><Cvr xmlns:xsi="http://www.w3.org/2001/XMLSchema-instance" xmlns:xsd="http://www.w3.org/2001/XMLSchema" xmlns="http://tempuri.org/CVRDesign.xsd"><Contests><Contest><Name>MAYOR</Name><Id>3f0a12f6-41a6-48f7-af24-c3de6d1657ad</Id><Options><Option><Name>MICHAEL "MIKE" BUTLER</Name><Id>bd9d3055-8e47-463a-9fcf-53a2b57053c5</Id><Value>1</Value></Option><Option><Name>ANDREW JONES</Name><Id>cfb9c787-5cdd-4b73-8c4f-daa9cae35609</Id><Value>1</Value></Option></Options><Undervotes>2</Undervotes></Contest><Contest><Name>COMPTROLLER</Name><Id>8b8b3d14-0f63-486d-aa7c-94f034f8d628</Id><Options><Option><Name>CELESTE METCALF</Name><Id>8cf10e3a-bfb7-4bd5-8f9d-1fd34e288dad</Id><Value>1</Value></Option></Options><Undervotes>2</Undervotes></Contest></Contests><BatchSequence>0</BatchSequence><SheetNumber>1</SheetNumber><PrecinctSplit><Name>Ward 10 Precinct 03</Name><Id>a72d7ae1-34de-46c7-a42c-bfe68937cb59</Id></PrecinctSplit><CvrGuid>0197a4d1-f7d6-4e3d-976d-e7abbb6b3d2c</CvrGuid><IsBlank>false</IsBlank></Cvr>