﻿<?xml version="1.0" encoding="utf-8"?><Cvr xmlns:xsi="http://www.w3.org/2001/XMLSchema-instance" xmlns:xsd="http://www.w3.org/2001/XMLSchema" xmlns="http://tempuri.org/CVRDesign.xsd"><Contests><Contest><Name>MAYOR</Name><Id>3f0a12f6-41a6-48f7-af24-c3de6d1657ad</Id><Options><Option><Name>CARA SPENCER</Name><Id>57f52d50-ffd6-4d23-8d7e-854df71a8ccd</Id><Value>1</Value></Option></Options><Undervotes>3</Undervotes></Contest><Contest><Name>COMPTROLLER</Name><Id>8b8b3d14-0f63-486d-aa7c-94f034f8d628</Id><Options><Option><Name>DONNA M.C. BARINGER</Name><Id>e4a06af4-660b-4adc-ba2d-4153447e8c06</Id><Value>1</Value></Option></Options><Undervotes>2</Undervotes></Contest></Contests><BatchSequence>0</BatchSequence><SheetNumber>1</SheetNumber><PrecinctSplit><Name>Ward 05 Precinct 14</Name><Id>ccb4fe8e-fc00-405c-9d52-aac076fc5ef0</Id></PrecinctSplit><CvrGuid>012f78ee-481f-459b-a052-fad0c984721a</CvrGuid><IsBlank>false</IsBlank></Cvr>