﻿<?xml version="1.0" encoding="utf-8"?><Cvr xmlns:xsi="http://www.w3.org/2001/XMLSchema-instance" xmlns:xsd="http://www.w3.org/2001/XMLSchema" xmlns="http://tempuri.org/CVRDesign.xsd"><Contests><Contest><Name>MAYOR</Name><Id>3f0a12f6-41a6-48f7-af24-c3de6d1657ad</Id><Options><Option><Name>MICHAEL "MIKE" BUTLER</Name><Id>bd9d3055-8e47-463a-9fcf-53a2b57053c5</Id><Value>1</Value></Option><Option><Name>CARA SPENCER</Name><Id>57f52d50-ffd6-4d23-8d7e-854df71a8ccd</Id><Value>1</Value></Option><Option><Name>ANDREW JONES</Name><Id>cfb9c787-5cdd-4b73-8c4f-daa9cae35609</Id><Value>1</Value></Option></Options><Undervotes>1</Undervotes></Contest><Contest><Name>COMPTROLLER</Name><Id>8b8b3d14-0f63-486d-aa7c-94f034f8d628</Id><Options><Option><Name>DARLENE GREEN</Name><Id>704d8013-0566-4fba-a0b4-b3cdd729ce83</Id><Value>1</Value></Option></Options><Undervotes>2</Undervotes></Contest></Contests><BatchSequence>12</BatchSequence><SheetNumber>1</SheetNumber><PrecinctSplit><Name>Ward 01 Precinct 03</Name><Id>74767c7e-96d6-4781-ad64-be51bdb3963e</Id></PrecinctSplit><BatchNumber>16</BatchNumber><CvrGuid>011a5b41-5ccf-4c35-86ac-1fff7b88cfe7</CvrGuid><IsBlank>false</IsBlank></Cvr>