﻿<?xml version="1.0" encoding="utf-8"?><Cvr xmlns:xsi="http://www.w3.org/2001/XMLSchema-instance" xmlns:xsd="http://www.w3.org/2001/XMLSchema" xmlns="http://tempuri.org/CVRDesign.xsd"><Contests><Contest><Name>MAYOR</Name><Id>3f0a12f6-41a6-48f7-af24-c3de6d1657ad</Id><Options><Option><Name>TISHAURA O. JONES</Name><Id>26569fb5-80f2-434d-b83b-20db93b18995</Id><Value>1</Value></Option></Options><Undervotes>3</Undervotes></Contest><Contest><Name>COMPTROLLER</Name><Id>8b8b3d14-0f63-486d-aa7c-94f034f8d628</Id><Options><Option><Name>DARLENE GREEN</Name><Id>704d8013-0566-4fba-a0b4-b3cdd729ce83</Id><Value>1</Value></Option></Options><Undervotes>2</Undervotes></Contest><Contest><Name>ALDERMAN - WARD 3</Name><Id>812850db-7416-479c-ab15-5669ccec0d2a</Id><Options><Option><Name>SHANE COHN</Name><Id>76a936df-759d-49b2-b0c4-7de671c21eb9</Id><Value>1</Value></Option></Options><Undervotes>2</Undervotes></Contest></Contests><BatchSequence>42</BatchSequence><SheetNumber>1</SheetNumber><PrecinctSplit><Name>Ward 03 Precinct 09</Name><Id>c8942ece-3b60-4064-8df0-1e16f40740cd</Id></PrecinctSplit><BatchNumber>6</BatchNumber><CvrGuid>01d273a6-271a-4bde-a84b-927ce91dc46c</CvrGuid><IsBlank>false</IsBlank></Cvr>