﻿<?xml version="1.0" encoding="utf-8"?><Cvr xmlns:xsi="http://www.w3.org/2001/XMLSchema-instance" xmlns:xsd="http://www.w3.org/2001/XMLSchema" xmlns="http://tempuri.org/CVRDesign.xsd"><Contests><Contest><Name>MAYOR</Name><Id>3f0a12f6-41a6-48f7-af24-c3de6d1657ad</Id><Options><Option><Name>MICHAEL "MIKE" BUTLER</Name><Id>bd9d3055-8e47-463a-9fcf-53a2b57053c5</Id><Value>1</Value></Option><Option><Name>TISHAURA O. JONES</Name><Id>26569fb5-80f2-434d-b83b-20db93b18995</Id><Value>1</Value></Option></Options><Undervotes>2</Undervotes></Contest><Contest><Name>COMPTROLLER</Name><Id>8b8b3d14-0f63-486d-aa7c-94f034f8d628</Id><Options><Option><Name>DARLENE GREEN</Name><Id>704d8013-0566-4fba-a0b4-b3cdd729ce83</Id><Value>1</Value></Option><Option><Name>CELESTE METCALF</Name><Id>8cf10e3a-bfb7-4bd5-8f9d-1fd34e288dad</Id><Value>1</Value></Option></Options><Undervotes>1</Undervotes></Contest></Contests><BatchSequence>0</BatchSequence><SheetNumber>1</SheetNumber><PrecinctSplit><Name>Ward 07 Precinct 09</Name><Id>31420ac6-5f8e-4f21-bdfa-2c8659df9af9</Id></PrecinctSplit><CvrGuid>01d4b5b6-e40f-46c2-9a64-31cd7fbb91b1</CvrGuid><IsBlank>false</IsBlank></Cvr>