﻿<?xml version="1.0" encoding="utf-8"?><Cvr xmlns:xsi="http://www.w3.org/2001/XMLSchema-instance" xmlns:xsd="http://www.w3.org/2001/XMLSchema" xmlns="http://tempuri.org/CVRDesign.xsd"><Contests><Contest><Name>MAYOR</Name><Id>3f0a12f6-41a6-48f7-af24-c3de6d1657ad</Id><Options><Option><Name>CARA SPENCER</Name><Id>57f52d50-ffd6-4d23-8d7e-854df71a8ccd</Id><Value>1</Value></Option></Options><Undervotes>3</Undervotes></Contest><Contest><Name>COMPTROLLER</Name><Id>8b8b3d14-0f63-486d-aa7c-94f034f8d628</Id><Options><Option><Name>DARLENE GREEN</Name><Id>704d8013-0566-4fba-a0b4-b3cdd729ce83</Id><Value>1</Value></Option></Options><Undervotes>2</Undervotes></Contest></Contests><BatchSequence>0</BatchSequence><SheetNumber>1</SheetNumber><PrecinctSplit><Name>Ward 12 Precinct 17</Name><Id>afb40cea-6307-4c37-8c5f-d9f5eea55a63</Id></PrecinctSplit><CvrGuid>0279dfe7-cbd3-4db8-81cb-061bac811a68</CvrGuid><IsBlank>false</IsBlank></Cvr>