﻿<?xml version="1.0" encoding="utf-8"?><Cvr xmlns:xsi="http://www.w3.org/2001/XMLSchema-instance" xmlns:xsd="http://www.w3.org/2001/XMLSchema" xmlns="http://tempuri.org/CVRDesign.xsd"><Contests><Contest><Name>MAYOR</Name><Id>3f0a12f6-41a6-48f7-af24-c3de6d1657ad</Id><Options><Option><Name>CARA SPENCER</Name><Id>57f52d50-ffd6-4d23-8d7e-854df71a8ccd</Id><Value>1</Value></Option></Options><Undervotes>3</Undervotes></Contest><Contest><Name>COMPTROLLER</Name><Id>8b8b3d14-0f63-486d-aa7c-94f034f8d628</Id><Options><Option><Name>DARLENE GREEN</Name><Id>704d8013-0566-4fba-a0b4-b3cdd729ce83</Id><Value>1</Value></Option></Options><Undervotes>2</Undervotes></Contest><Contest><Name>ALDERMAN - WARD 11</Name><Id>d795a40e-b793-48fd-ae60-c5f9e967c29a</Id><Options><Option><Name>REBECCA MCCLOUD</Name><Id>b770c062-9aec-44a5-87ad-1e17c0abd7ed</Id><Value>1</Value></Option><Option><Name>LAURA M. KEYS</Name><Id>fb590d8d-7679-4eb3-8abe-9cec0d2deb8f</Id><Value>1</Value></Option></Options><Undervotes>1</Undervotes></Contest></Contests><BatchSequence>0</BatchSequence><SheetNumber>1</SheetNumber><PrecinctSplit><Name>Ward 11 Precinct 12</Name><Id>1862a719-365e-4558-9062-bdd6a1fa510c</Id></PrecinctSplit><CvrGuid>02f44d27-4a8f-4ca4-ae6f-083538ec22e5</CvrGuid><IsBlank>false</IsBlank></Cvr>