﻿<?xml version="1.0" encoding="utf-8"?><Cvr xmlns:xsi="http://www.w3.org/2001/XMLSchema-instance" xmlns:xsd="http://www.w3.org/2001/XMLSchema" xmlns="http://tempuri.org/CVRDesign.xsd"><Contests><Contest><Name>MAYOR</Name><Id>3f0a12f6-41a6-48f7-af24-c3de6d1657ad</Id><Options><Option><Name>CARA SPENCER</Name><Id>57f52d50-ffd6-4d23-8d7e-854df71a8ccd</Id><Value>1</Value></Option></Options><Undervotes>3</Undervotes></Contest><Contest><Name>COMPTROLLER</Name><Id>8b8b3d14-0f63-486d-aa7c-94f034f8d628</Id><Options><Option><Name>DONNA M.C. BARINGER</Name><Id>e4a06af4-660b-4adc-ba2d-4153447e8c06</Id><Value>1</Value></Option></Options><Undervotes>2</Undervotes></Contest></Contests><BatchSequence>0</BatchSequence><SheetNumber>1</SheetNumber><PrecinctSplit><Name>Ward 08 Precinct 12</Name><Id>98bb5c36-106e-4b65-8e23-5830f371200f</Id></PrecinctSplit><CvrGuid>02a75161-0c05-40ff-8422-66b087effd5f</CvrGuid><IsBlank>false</IsBlank></Cvr>