﻿<?xml version="1.0" encoding="utf-8"?><Cvr xmlns:xsi="http://www.w3.org/2001/XMLSchema-instance" xmlns:xsd="http://www.w3.org/2001/XMLSchema" xmlns="http://tempuri.org/CVRDesign.xsd"><Contests><Contest><Name>MAYOR</Name><Id>3f0a12f6-41a6-48f7-af24-c3de6d1657ad</Id><Options><Option><Name>MICHAEL "MIKE" BUTLER</Name><Id>bd9d3055-8e47-463a-9fcf-53a2b57053c5</Id><Value>1</Value></Option><Option><Name>TISHAURA O. JONES</Name><Id>26569fb5-80f2-434d-b83b-20db93b18995</Id><Value>1</Value></Option></Options><Undervotes>2</Undervotes></Contest><Contest><Name>COMPTROLLER</Name><Id>8b8b3d14-0f63-486d-aa7c-94f034f8d628</Id><Options><Option><Name>DARLENE GREEN</Name><Id>704d8013-0566-4fba-a0b4-b3cdd729ce83</Id><Value>1</Value></Option></Options><Undervotes>2</Undervotes></Contest><Contest><Name>ALDERMAN - WARD 3</Name><Id>812850db-7416-479c-ab15-5669ccec0d2a</Id><Options><Option><Name>DALLAS ADAMS</Name><Id>51ed457d-b209-46a7-8a93-4e50fa85d0bc</Id><Value>1</Value></Option><Option><Name>INEZ BORDEAUX</Name><Id>9ea26a21-2b53-4e2a-8614-ffd50617d580</Id><Value>1</Value></Option></Options><Undervotes>1</Undervotes></Contest></Contests><BatchSequence>0</BatchSequence><SheetNumber>1</SheetNumber><PrecinctSplit><Name>Ward 03 Precinct 01</Name><Id>2994e338-2e53-4097-879c-a6b9c9b8739d</Id></PrecinctSplit><CvrGuid>025e7f2b-7fba-4d70-b220-16d80fb485db</CvrGuid><IsBlank>false</IsBlank></Cvr>