﻿<?xml version="1.0" encoding="utf-8"?><Cvr xmlns:xsi="http://www.w3.org/2001/XMLSchema-instance" xmlns:xsd="http://www.w3.org/2001/XMLSchema" xmlns="http://tempuri.org/CVRDesign.xsd"><Contests><Contest><Name>MAYOR</Name><Id>3f0a12f6-41a6-48f7-af24-c3de6d1657ad</Id><Options><Option><Name>CARA SPENCER</Name><Id>57f52d50-ffd6-4d23-8d7e-854df71a8ccd</Id><Value>1</Value></Option></Options><Undervotes>3</Undervotes></Contest><Contest><Name>COMPTROLLER</Name><Id>8b8b3d14-0f63-486d-aa7c-94f034f8d628</Id><Options><Option><Name>CELESTE METCALF</Name><Id>8cf10e3a-bfb7-4bd5-8f9d-1fd34e288dad</Id><Value>1</Value></Option></Options><Undervotes>2</Undervotes></Contest><Contest><Name>ALDERMAN - WARD 3</Name><Id>812850db-7416-479c-ab15-5669ccec0d2a</Id><Options><Option><Name>INEZ BORDEAUX</Name><Id>9ea26a21-2b53-4e2a-8614-ffd50617d580</Id><Value>1</Value></Option></Options><Undervotes>2</Undervotes></Contest></Contests><BatchSequence>0</BatchSequence><SheetNumber>1</SheetNumber><PrecinctSplit><Name>Ward 03 Precinct 10</Name><Id>f6653119-9687-489b-99c9-7211c759aeab</Id></PrecinctSplit><CvrGuid>03543def-ef58-4298-94b4-77a6408e29b4</CvrGuid><IsBlank>false</IsBlank></Cvr>